"Номер рейса","Дата рейса","Кол-во пасс. эконом","Кол-во компл. факт. эконом","Кол-во пасс. бизнес","Кол-во компл. факт. бизнес","Кол-во экипаж","Кол-во компл. факт. экипаж"
"39","2017-01-01 12:05:00","167","176","1",,"7","7"
"39","2017-01-02 12:05:00","156","156","12","12","7","7"
"39","2017-01-03 12:05:00","156","168","12","12","7","7"
"39","2017-01-04 12:05:00","154","156","12","12","7","7"
"39","2017-01-05 12:05:00","137","156","11","12","7","7"
"39","2017-01-06 12:05:00","163","164","7","3","7","7"
"39","2017-01-07 12:05:00","149","168","7",,"6","6"
"39","2017-01-09 12:05:00","149","154","12","12","7","7"
"39","2017-01-10 12:05:00","158","159","1","3","6","6"
"39","2017-01-11 12:05:00","149","151","0","1","7","7"
"39","2017-01-12 12:05:00","152","154","11","12","7","7"
"39","2017-01-13 12:05:00","114","116","4","4","7","7"
"39","2017-01-14 12:05:00","142","143","7","8","7","7"
"39","2017-01-16 12:05:00","97","98","7","4","7","7"
"39","2017-01-17 12:05:00","81","81","6","7","7","7"
"39","2017-01-19 12:05:00","101","104","3","1","7","7"
"39","2017-01-20 12:05:00","104","105","5","6","7","7"
"39","2017-01-21 12:05:00","154","154","1","1","7","7"
"39","2017-01-22 12:05:00","114","122","5","4","7","7"
"39","2017-01-23 12:05:00","99","99","2","1","7","7"
"39","2017-01-24 12:05:00","84","88","4","4","7","7"
"39","2017-01-25 12:05:00","99","102","4","4","7","7"
"39","2017-01-26 12:05:00","148","150","5","3","7","7"
"39","2017-01-27 12:05:00","168","168","8","1","7","7"
"39","2017-01-28 12:05:00","110","154","3","24","7","14"
"39","2017-01-29 12:05:00","152","154","12","8","7","7"
"39","2017-01-30 12:05:00","122","129","2","3","7","7"
"39","2017-01-31 12:05:00","151","152","2","2","7","7"
"41","2017-01-27 20:40:00","161","168","0","8","7","7"
"43","2017-01-01 18:25:00","152","156","8","12","7","7"
"43","2017-01-02 18:25:00","165","176","2","2","6","6"
"43","2017-01-03 18:25:00","165","168","7","8","7","7"
"43","2017-01-04 18:25:00","161","168","8","8","7","7"
"43","2017-01-05 18:25:00","152","166","8","6","7","7"
"43","2017-01-06 18:25:00","146","156","12","12","7","7"
"43","2017-01-07 18:25:00","161","168","6","8","6","7"
"43","2017-01-08 18:25:00","167","168","8","8","7","7"
"43","2017-01-09 18:25:00","152","154","12","12","7","7"
"43","2017-01-10 18:25:00","145","152","2","3","6","6"
"43","2017-01-11 18:25:00","166","176","3","3","7","7"
"43","2017-01-12 18:25:00","153","156","4","4","7","7"
"43","2017-01-13 18:25:00","159","158","5","4","7","7"
"43","2017-01-14 18:25:00","145","161","2","3","7","7"
"43","2017-01-15 18:25:00","149","156","10","12","7","7"
"43","2017-01-16 18:25:00","155","156","6","5","7","7"
"43","2017-01-17 18:25:00","168","168","4","2","7","7"
"43","2017-01-18 18:25:00","165","168","5","8","7","7"
"43","2017-01-19 18:25:00","125","140","5","3","7","7"
"43","2017-01-20 18:25:00","167","168","8","8","7","7"
"43","2017-01-21 18:25:00","164","173","2","2","7","7"
"43","2017-01-22 18:25:00","163","170","0",,"7","7"
"43","2017-01-23 18:25:00","133","140","4","2","7","7"
"43","2017-01-24 18:25:00","130","138","0",,"7","7"
"43","2017-01-25 18:25:00","166","168","7","8","7","7"
"43","2017-01-26 18:25:00","163","168","5","8","7","7"
"43","2017-01-27 18:25:00","154","154","12","12","7","7"
"43","2017-01-28 18:25:00","165","168","2","8","7","7"
"43","2017-01-29 18:25:00","164","168","8","8","7","7"
"43","2017-01-30 18:25:00","166","175","4","8","7","7"
"43","2017-01-31 18:25:00","151","156","8","12","7","7"
"45","2017-01-13 10:15:00","139","147","1","1","6","6"
"47","2017-01-07 07:50:00","154","166","12",,"7","7"
"47","2017-01-14 07:50:00","137","140","0",,"7","7"
"47","2017-01-21 07:50:00","105","105","4","4","7","7"
"47","2017-01-28 07:50:00","158","168","2","4","7","7"
"49","2017-01-01 15:15:00","155","167","7",,"6","6"
"49","2017-01-02 15:15:00","154","166","5",,"7","6"
"49","2017-01-03 15:15:00","150","154","12","12","7","7"
"49","2017-01-04 15:15:00","156","156","12","12","7","7"
"49","2017-01-05 15:15:00","153","166","12",,"7","7"
"49","2017-01-06 15:15:00","153","168","11",,"7","7"
"49","2017-01-07 15:15:00","168","168","8","8","7","7"
"49","2017-01-08 15:15:00","147","154","12","12","7","7"
"49","2017-01-09 15:15:00","153","154","11","12","7","8"
"49","2017-01-10 15:15:00","154","154","12","13","7","7"
"49","2017-01-11 15:15:00","154","162","4","1","6","6"
"49","2017-01-12 15:15:00","153","156","11","12","7","7"
"49","2017-01-13 15:15:00","156","156","7","10","7","7"
"49","2017-01-14 15:15:00","150","159","0",,"7","7"
"49","2017-01-15 15:15:00","154","156","10","12","6","7"
"49","2017-01-16 15:15:00","152","154","12","2","7","7"
"49","2017-01-17 15:15:00","128","130","4","4","6","6"
"49","2017-01-18 15:15:00","144","150","1","2","7","7"
"49","2017-01-19 15:15:00","140","150","5","4","7","7"
"49","2017-01-20 15:15:00","145","145","7","7","7","7"
"49","2017-01-21 15:15:00","155","158","3","3","7","7"
"49","2017-01-22 15:15:00","167","168","7","7","7","7"
"49","2017-01-23 15:15:00","139","144","1","1","6","6"
"49","2017-01-24 15:15:00","133","136","4","4","6","6"
"49","2017-01-25 15:15:00","153","154","11","12","7","7"
"49","2017-01-26 15:15:00","153","155","8","12","7","7"
"49","2017-01-27 15:15:00","155","156","9","12","6","7"
"49","2017-01-29 15:15:00","167","174","6","6","7","7"
"49","2017-01-30 15:15:00","168","168","7","8","7","7"
"49","2017-01-31 15:15:00","154","156","8","8","7","7"
"51","2017-01-01 23:35:00","153","155","2","8","7","7"
"51","2017-01-02 23:35:00","156","163","4",,"6","6"
"51","2017-01-03 23:35:00","151","156","6","9","7","7"
"51","2017-01-04 23:35:00","156","156","9","9","7","7"
"51","2017-01-05 23:35:00","160","160","7","12","7","7"
"51","2017-01-06 23:35:00","167","168","3","4","6","6"
"51","2017-01-07 23:35:00","113","126","3","3","6","6"
"51","2017-01-08 23:35:00","118","124","1","1","7","7"
"51","2017-01-09 23:35:00","104","112","4","4","6","6"
"51","2017-01-10 23:35:00","94","102","1","2","7","7"
"51","2017-01-11 23:35:00","89","91","6","7","6","6"
"51","2017-01-12 23:35:00","113","121","3","3","6","6"
"51","2017-01-13 23:35:00","111","111","12","12","6","6"
"51","2017-01-15 23:35:00","118","124","3","3","6","6"
"51","2017-01-16 23:35:00","88","94","0",,"6","6"
"51","2017-01-18 23:35:00","95","103","2","2","6","6"
"51","2017-01-19 23:35:00","106","109","8","8","6","6"
"51","2017-01-20 23:35:00","156","156","7","7","6","6"
"51","2017-01-21 23:35:00","90","95","1","1","6","6"
"51","2017-01-22 23:35:00","99","107","3","3","6","6"
"51","2017-01-23 23:35:00","95","98","2","2","6","6"
"51","2017-01-24 23:35:00","82","83","4","2","6","6"
"51","2017-01-25 23:35:00","123","123","3","1","6","6"
"51","2017-01-26 23:35:00","140","145","6","4","6","6"
"51","2017-01-27 23:35:00","142","154","8","8","7","7"
"51","2017-01-28 23:35:00","144","148","2","2","6","6"
"51","2017-01-29 23:35:00","91","98","5","5","7","7"
"51","2017-01-31 23:35:00","109","115","3","3","6","6"
"71","2017-01-01 21:40:00","115","128","1","1","6","6"
"71","2017-01-02 21:40:00","122","134","6","6","6","6"
"71","2017-01-03 21:40:00","124","131","2","2","6","6"
"71","2017-01-04 21:40:00","130","142","2","1","6","6"
"71","2017-01-05 21:40:00","137","147","5","3","6","6"
"71","2017-01-06 21:40:00","139","142","3","4","6","6"
"71","2017-01-07 21:40:00","149","154","2","3","6","6"
"71","2017-01-08 21:40:00","132","145","7","6","6","6"
"71","2017-01-09 21:40:00","149","155","12","11","6","6"
"71","2017-01-10 21:40:00","134","144","9","3","6","6"
"71","2017-01-11 21:40:00","153","154","6","4","6","7"
"71","2017-01-12 21:40:00","152","156","7","6","6","6"
"71","2017-01-13 21:40:00","141","144","3","4","7","7"
"71","2017-01-14 21:40:00","124","126","0",,"6","6"
"71","2017-01-15 21:40:00","116","120","3","3","6","6"
"71","2017-01-16 21:40:00","148","155","9","6","6","6"
"71","2017-01-17 21:40:00","130","134","8","8","6","6"
"71","2017-01-18 21:40:00","114","116","3","3","6","6"
"71","2017-01-19 21:40:00","122","128","6","3","6","6"
"71","2017-01-20 21:40:00","144","148","8","8","6","6"
"71","2017-01-21 21:40:00","125","125","4","5","6","6"
"71","2017-01-22 21:40:00","142","148","4","2","6","6"
"71","2017-01-23 21:40:00","152","159","1",,"6","6"
"71","2017-01-24 21:40:00","149","153","6","4","6","6"
"71","2017-01-25 21:40:00","165","168","8","8","6","6"
"71","2017-01-26 21:40:00","152","156","9","9","6","6"
"71","2017-01-27 21:40:00","136","142","5","2","6","7"
"71","2017-01-28 21:40:00","144","150","5","3","6","6"
"71","2017-01-29 21:40:00","122","124","3","3","6","6"
"71","2017-01-30 21:40:00","133","139","3","3","6","6"
"71","2017-01-31 21:40:00","124","134","12","6","6","6"
"73","2017-01-01 10:10:00","154","154","2","1","6","6"
"73","2017-01-02 10:10:00","136","141","2","2","6","6"
"73","2017-01-03 10:10:00","142","150","3","3","6","6"
"73","2017-01-04 10:10:00","150","156","7","9","6","6"
"73","2017-01-05 10:10:00","139","145","2","1","6","6"
"73","2017-01-06 10:10:00","153","156","2","2","6","6"
"73","2017-01-08 10:10:00","138","151","12","4","6","6"
"73","2017-01-09 10:10:00","140","150","5","2","6","6"
"73","2017-01-10 10:10:00","144","146","4","5","6","6"
"73","2017-01-11 10:10:00","150","154","12","13","6","6"
"73","2017-01-12 10:10:00","138","141","3","1","6","6"
"73","2017-01-13 10:10:00","105","109","5","2","6","6"
"73","2017-01-15 10:10:00","147","150","11","11","6","6"
"73","2017-01-16 10:10:00","110","112","4","4","6","6"
"73","2017-01-17 10:10:00","84","87","5","5","6","6"
"73","2017-01-18 10:10:00","84","90","3","3","6","6"
"73","2017-01-19 10:10:00","81","83","2","2","6","6"
"73","2017-01-20 10:10:00","111","117","1","1","6","6"
"73","2017-01-22 10:10:00","148","158","4","4","6","6"
"73","2017-01-23 10:10:00","141","146","7","7","6","6"
"73","2017-01-24 10:10:00","100","109","7","3","6","6"
"73","2017-01-25 10:10:00","80","94","7","4","6","6"
"73","2017-01-26 10:10:00","129","137","6","2","6","6"
"73","2017-01-27 10:10:00","86","92","1","1","6","6"
"73","2017-01-29 10:10:00","152","154","3","2","6","6"
"73","2017-01-30 10:10:00","109","113","4","4","6","6"
"73","2017-01-31 10:10:00","111","113","11","12","6","6"
"79","2017-01-01 17:40:00","167","167","0",,"6","6"
"91","2017-01-07 11:50:00","135","142","4","4","6","7"
"107","2017-01-07 18:30:00","137","156","8","16","6","12"
"107","2017-01-14 18:30:00","146","161","8","16","6","12"
"107","2017-01-21 18:30:00","154","157","7","14","6","12"
"107","2017-01-28 18:30:00","145","155","3","6","6","12"
"109","2017-01-02 20:55:00","113","116","2","6","6","12"
"109","2017-01-03 20:55:00","85","88","1","2","6","12"
"109","2017-01-04 20:55:00","152","157","2","4","6","12"
"109","2017-01-05 20:55:00","151","156","5","10","6","12"
"109","2017-01-06 20:55:00","130","134","2","4","6","12"
"109","2017-01-08 20:55:00","135","138","12","24","6","12"
"109","2017-01-09 20:55:00","136","140","8","16","6","12"
"109","2017-01-10 20:55:00","156","160","5","11","6","12"
"109","2017-01-11 20:55:00","141","150","8","16","7","14"
"109","2017-01-12 20:55:00","115","149","2","4","6","12"
"109","2017-01-13 20:55:00","160","165","3","10","6","12"
"109","2017-01-15 20:55:00","148","162","4","8","6","12"
"109","2017-01-16 20:55:00","160","167","6","12","6","12"
"109","2017-01-17 20:55:00","133","164","3","6","6","12"
"109","2017-01-18 20:55:00","165","167","5","12","6","12"
"109","2017-01-19 20:55:00","159","162","5","10","6","12"
"109","2017-01-20 20:55:00","151","164","6","12","6","12"
"109","2017-01-22 20:55:00","152","159","8","16","6","12"
"109","2017-01-23 20:55:00","159","163","3","6","7","14"
"109","2017-01-24 20:55:00","141","147","7","14","6","12"
"109","2017-01-25 20:55:00","128","131","8","16","7","14"
"109","2017-01-26 20:55:00","148","154","6","12","6","12"
"109","2017-01-27 20:55:00","150","154","6","12","6","12"
"109","2017-01-29 20:55:00","157","158","8","16","6","12"
"109","2017-01-30 20:55:00","145","150","8","16","6","12"
"109","2017-01-31 20:55:00","135","142","3","6","6","12"
"115","2017-01-01 21:20:00","61","67","5","10","6","12"
"115","2017-01-02 21:20:00","99","104","4","8","6","12"
"115","2017-01-03 21:20:00","100","107","3","6","6","12"
"115","2017-01-04 21:20:00","70","81","5","10","6","12"
"115","2017-01-05 21:20:00","93","98","6","12","6","12"
"115","2017-01-06 21:20:00","88","90","1","2","6","12"
"115","2017-01-07 21:20:00","96","101","9","18","6","12"
"115","2017-01-08 21:20:00","108","112","1","2","6","12"
"115","2017-01-09 21:20:00","94","100","2","6","6","12"
"115","2017-01-10 21:20:00","120","129","11","25","6","12"
"115","2017-01-11 21:20:00","87","94","4","8","6","12"
"115","2017-01-12 21:20:00","70","76","8","16","6","12"
"115","2017-01-13 21:20:00","83","85","4","10","6","12"
"115","2017-01-14 21:20:00","112","115","7","14","6","12"
"115","2017-01-15 21:20:00","107","111","3","6","6","12"
"115","2017-01-16 21:20:00","134","138","5","10","6","12"
"115","2017-01-17 21:20:00","100","109","4","8","7","14"
"115","2017-01-18 21:20:00","103","114","11","22","7","14"
"115","2017-01-19 21:20:00","76","78","3","6","7","14"
"115","2017-01-20 21:20:00","98","103","1","2","6","12"
"115","2017-01-21 21:20:00","130","141","5","12","6","12"
"115","2017-01-22 21:20:00","139","146","8","16","6","12"
"115","2017-01-23 21:20:00","114","116","5","10","7","14"
"115","2017-01-24 21:20:00","96","100","4","6","6","12"
"115","2017-01-25 21:20:00","106","111","5","10","6","12"
"115","2017-01-26 21:20:00","110","113","5","10","6","12"
"115","2017-01-27 21:20:00","98","102","8","16","6","12"
"115","2017-01-28 21:20:00","122","129","8","16","6","12"
"115","2017-01-29 21:20:00","88","92","5","10","6","12"
"115","2017-01-30 21:20:00","95","100","7","14","6","12"
"115","2017-01-31 21:20:00","134","137","7","14","6","12"
"117","2017-01-01 20:25:00","84","93","5","10","6","12"
"117","2017-01-02 20:25:00","78","83","4","8","6","12"
"117","2017-01-03 20:25:00","53","58","2","4","6","12"
"117","2017-01-04 20:25:00","85","89","2","4","6","12"
"117","2017-01-05 20:25:00","123","126","0",,"6","12"
"117","2017-01-06 20:25:00","80","83","11","24","6","12"
"117","2017-01-07 20:25:00","129","131","8","16","6","12"
"117","2017-01-08 20:25:00","126","129","12","24","6","12"
"117","2017-01-09 20:25:00","148","154","12","24","6","12"
"117","2017-01-10 20:25:00","126","132","12","25","6","12"
"117","2017-01-11 20:25:00","88","90","6","12","6","12"
"117","2017-01-12 20:25:00","91","115","3","6","6","12"
"117","2017-01-13 20:25:00","86","89","4","8","6","12"
"117","2017-01-14 20:25:00","113","118","10","20","6","12"
"117","2017-01-15 20:25:00","112","127","12","24","6","12"
"117","2017-01-16 20:25:00","133","134","8","16","6","12"
"117","2017-01-17 20:25:00","95","97","8","16","6","12"
"117","2017-01-18 20:25:00","70","73","2","4","6","12"
"117","2017-01-19 20:25:00","77","79","2","4","6","12"
"117","2017-01-20 20:25:00","76","81","2","4","6","12"
"117","2017-01-21 20:25:00","76","78","4","8","6","12"
"117","2017-01-22 20:25:00","142","156","8","16","6","12"
"117","2017-01-23 20:25:00","103","111","12","24","6","12"
"117","2017-01-24 20:25:00","87","93","12","24","6","12"
"117","2017-01-25 20:25:00","86","92","4","8","6","12"
"117","2017-01-26 20:25:00","62","74","5","10","6","12"
"117","2017-01-27 20:25:00","76","81","11","24","6","12"
"117","2017-01-28 20:25:00","95","101","2","4","6","12"
"117","2017-01-29 20:25:00","102","118","8","16","6","12"
"117","2017-01-30 20:25:00","91","93","12","24","6","12"
"117","2017-01-31 20:25:00","96","104","8","16","6","12"
"121","2017-01-01 22:00:00","83","86","4","8","6","12"
"121","2017-01-02 22:00:00","77","82","2","4","6","12"
"121","2017-01-03 22:00:00","106","111","1","4","6","12"
"121","2017-01-05 22:00:00","100","106","2","4","6","12"
"121","2017-01-07 22:00:00","123","131","6","12","6","12"
"121","2017-01-08 22:00:00","93","96","6","12","6","12"
"121","2017-01-09 22:00:00","105","107","1","2","6","12"
"121","2017-01-10 22:00:00","90","97","7","15","6","12"
"121","2017-01-12 22:00:00","91","98","3","6","6","12"
"121","2017-01-14 22:00:00","101","104","9","20","6","12"
"121","2017-01-15 22:00:00","125","128","5","10","6","12"
"121","2017-01-16 22:00:00","98","105","5","10","6","12"
"121","2017-01-17 22:00:00","100","112","5","10","6","12"
"121","2017-01-19 22:00:00","111","112","3","6","6","12"
"121","2017-01-21 22:00:00","154","156","5","10","6","12"
"121","2017-01-22 22:00:00","105","109","5","12","6","12"
"121","2017-01-23 22:00:00","85","88","3","6","6","12"
"121","2017-01-24 22:00:00","82","85","1","2","6","12"
"121","2017-01-26 22:00:00","101","105","8","18","6","12"
"121","2017-01-28 22:00:00","145","149","8","16","6","12"
"121","2017-01-29 22:00:00","77","80","3","6","6","12"
"121","2017-01-30 22:00:00","65","68","8","16","6","12"
"121","2017-01-31 22:00:00","66","68","6","14","6","12"
"123","2017-01-01 22:05:00","112","114","0",,"6","6"
"123","2017-01-02 22:05:00","102","108","6","7","6","6"
"123","2017-01-03 22:05:00","104","107","7","5","6","6"
"123","2017-01-04 22:05:00","65","68","1","1","6","6"
"123","2017-01-05 22:05:00","81","86","0",,"6","6"
"123","2017-01-06 22:05:00","61","66","4","1","6","6"
"123","2017-01-07 22:05:00","112","115","0",,"6","6"
"123","2017-01-08 22:05:00","84","94","2","2","6","6"
"123","2017-01-09 22:05:00","136","139","5","4","6","6"
"123","2017-01-11 22:05:00","144","148","3","1","6","6"
"123","2017-01-13 22:05:00","83","84","5","6","6","6"
"123","2017-01-14 22:05:00","72","73","4","5","6","6"
"123","2017-01-15 22:05:00","70","74","2",,"6","6"
"123","2017-01-16 22:05:00","98","105","6","2","6","6"
"123","2017-01-18 22:05:00","105","109","3","2","6","6"
"123","2017-01-20 22:05:00","67","70","2","2","6","6"
"123","2017-01-21 22:05:00","62","62","2","3","6","6"
"123","2017-01-22 22:05:00","55","56","2","2","6","6"
"123","2017-01-23 22:05:00","119","123","8","6","6","6"
"123","2017-01-25 22:05:00","121","127","12","8","6","6"
"123","2017-01-27 22:05:00","97","100","4","4","6","6"
"123","2017-01-28 22:05:00","81","85","5","4","6","6"
"123","2017-01-29 22:05:00","88","91","8","8","6","6"
"123","2017-01-30 22:05:00","109","113","7","7","6","6"
"157","2017-01-01 10:30:00","163","168","4","8","7","7"
"157","2017-01-02 10:30:00","168","168","8","8","7","7"
"157","2017-01-03 10:30:00","166","168","8","8","7","7"
"157","2017-01-04 10:30:00","164","168","8","8","7","7"
"157","2017-01-05 10:30:00","168","168","6","8","7","7"
"157","2017-01-06 10:30:00","166","176","5",,"7","7"
"157","2017-01-07 10:30:00","167","168","8","8","7","7"
"157","2017-01-08 10:30:00","160","168","2","8","7","7"
"157","2017-01-09 10:30:00","165","175","4",,"7","7"
"157","2017-01-10 10:30:00","167","176","5","1","7","7"
"157","2017-01-11 10:30:00","163","168","4","5","7","7"
"157","2017-01-12 10:30:00","159","168","1","2","7","7"
"157","2017-01-13 10:30:00","159","162","0",,"7","7"
"157","2017-01-14 10:30:00","167","174","0",,"7","7"
"157","2017-01-15 10:30:00","168","168","7","8","7","7"
"157","2017-01-16 10:30:00","164","176","4",,"8","8"
"157","2017-01-17 10:30:00","166","172","1",,"7","7"
"157","2017-01-18 10:30:00","166","173","0",,"7","7"
"157","2017-01-19 10:30:00","158","174","0",,"7","7"
"157","2017-01-20 10:30:00","154","156","12","12","7","7"
"157","2017-01-21 10:30:00","162","168","3","8","7","7"
"157","2017-01-22 10:30:00","168","176","3",,"7","7"
"157","2017-01-23 10:30:00","166","168","7","8","7","7"
"157","2017-01-24 10:30:00","159","173","1","1","7","7"
"157","2017-01-25 10:30:00","168","175","0",,"7","7"
"157","2017-01-26 10:30:00","167","168","5","8","7","7"
"157","2017-01-27 10:30:00","161","168","4","4","7","7"
"157","2017-01-28 10:30:00","162","168","3","8","7","7"
"157","2017-01-29 10:30:00","168","168","2","3","7","7"
"157","2017-01-30 10:30:00","163","173","5",,"7","7"
"157","2017-01-31 10:30:00","164","175","0",,"7","7"
"161","2017-01-01 17:30:00","154","168","12",,"6","6"
"161","2017-01-02 17:30:00","153","154","10","12","6","6"
"161","2017-01-03 17:30:00","151","165","7",,"6","6"
"161","2017-01-04 17:30:00","154","156","11","12","7","7"
"161","2017-01-05 17:30:00","152","154","12","12","6","6"
"161","2017-01-06 17:30:00","150","166","8","4","6","6"
"161","2017-01-07 17:30:00","156","168","7",,"7","7"
"161","2017-01-08 17:30:00","150","156","7","12","6","6"
"161","2017-01-09 17:30:00","156","160","2","2","6","6"
"161","2017-01-10 17:30:00","151","156","1","10","7","7"
"161","2017-01-11 17:30:00","134","136","4","4","7","7"
"161","2017-01-12 17:30:00","130","136","0",,"6","6"
"161","2017-01-13 17:30:00","109","112","3","3","6","6"
"161","2017-01-14 17:30:00","102","112","8","4","6","6"
"161","2017-01-15 17:30:00","151","166","4","4","7","8"
"161","2017-01-16 17:30:00","135","147","4","2","6","6"
"161","2017-01-17 17:30:00","126","130","1","2","6","6"
"161","2017-01-18 17:30:00","120","121","3","3","6","6"
"161","2017-01-19 17:30:00","110","114","5","4","6","6"
"161","2017-01-20 17:30:00","152","154","8","10","7","7"
"161","2017-01-21 17:30:00","87","89","2","2","6","6"
"161","2017-01-22 17:30:00","151","154","5","6","7","6"
"161","2017-01-23 17:30:00","144","154","7","12","7","7"
"161","2017-01-24 17:30:00","124","126","0",,"6","6"
"161","2017-01-25 17:30:00","142","143","1","1","6","6"
"161","2017-01-26 17:30:00","156","156","8","11","7","7"
"161","2017-01-27 17:30:00","153","154","11","12","6","7"
"161","2017-01-28 17:30:00","123","126","0",,"7","7"
"161","2017-01-29 17:30:00","168","168","8","8","7","7"
"161","2017-01-30 17:30:00","153","156","9","12","7","8"
"161","2017-01-31 17:30:00","151","154","12","12","7","7"
"163","2017-01-01 10:10:00","152","154","12","8","7","7"
"163","2017-01-02 10:10:00","153","156","11","12","7","7"
"163","2017-01-03 10:10:00","151","156","9","12","7","7"
"163","2017-01-04 10:10:00","154","156","5","12","7","8"
"163","2017-01-05 10:10:00","154","156","8","10","7","7"
"163","2017-01-06 10:10:00","152","160","6","6","7","7"
"163","2017-01-07 10:10:00","154","154","12","12","7","7"
"163","2017-01-08 10:10:00","144","151","4","3","7","7"
"163","2017-01-09 10:10:00","149","156","2","7","7","7"
"163","2017-01-10 10:10:00","153","156","10","13","7","7"
"163","2017-01-11 10:10:00","151","166","2","1","7","7"
"163","2017-01-12 10:10:00","131","140","3","3","7","7"
"163","2017-01-13 10:10:00","122","127","0",,"7","7"
"163","2017-01-14 10:10:00","138","146","4","1","7","7"
"163","2017-01-15 10:10:00","156","156","6","10","7","7"
"163","2017-01-16 10:10:00","101","111","5","1","7","7"
"163","2017-01-17 10:10:00","133","142","8","3","7","7"
"163","2017-01-18 10:10:00","139","147","0",,"7","7"
"163","2017-01-19 10:10:00","138","144","4","2","6","6"
"163","2017-01-20 10:10:00","130","144","7","1","7","7"
"163","2017-01-21 10:10:00","150","156","3","3","6","6"
"163","2017-01-22 10:10:00","143","152","2","2","7","7"
"163","2017-01-23 10:10:00","105","111","6","6","7","7"
"163","2017-01-24 10:10:00","148","154","2","2","6","6"
"163","2017-01-25 10:10:00","128","136","1","1","6","6"
"163","2017-01-26 10:10:00","154","156","7","12","7","7"
"163","2017-01-27 10:10:00","156","156","7","8","7","7"
"163","2017-01-28 10:10:00","148","154","8","10","7","7"
"163","2017-01-29 10:10:00","136","140","2","2","7","6"
"163","2017-01-30 10:10:00","154","154","9","12","7","7"
"163","2017-01-31 10:10:00","154","154","12","12","7","7"
"165","2017-01-01 13:20:00","168","175","5","5","6","6"
"165","2017-01-02 13:20:00","154","156","12","12","7","8"
"165","2017-01-03 13:20:00","162","168","7","8","7","7"
"165","2017-01-04 13:20:00","165","168","8","8","7","7"
"165","2017-01-05 13:20:00","161","168","5","8","7","7"
"165","2017-01-06 13:20:00","166","168","8","8","7","7"
"165","2017-01-07 15:30:00","156","156","4","12","6","7"
"165","2017-01-08 13:20:00","163","168","6","7","7","7"
"165","2017-01-09 13:20:00","167","168","8","8","7","7"
"165","2017-01-10 13:20:00","158","161","8","13","7","7"
"165","2017-01-11 13:20:00","156","156","11","13","7","7"
"165","2017-01-12 13:20:00","99","105","4","2","7","7"
"165","2017-01-13 13:20:00","90","91","6","7","6","6"
"165","2017-01-14 15:30:00","139","152","3","1","7","7"
"165","2017-01-15 13:20:00","162","168","5","2","7","7"
"165","2017-01-16 13:20:00","103","109","2","1","7","7"
"165","2017-01-17 13:20:00","94","101","2","2","8","8"
"165","2017-01-18 13:20:00","100","103","3","2","6","6"
"165","2017-01-19 13:20:00","100","101","4","4","7","7"
"165","2017-01-20 13:20:00","102","104","7","3","7","7"
"165","2017-01-21 13:20:00","97","99","3","5","6","6"
"165","2017-01-22 13:20:00","148","148","6","2","6","6"
"165","2017-01-23 13:20:00","165","168","8","8","8","9"
"165","2017-01-24 13:20:00","88","90","0",,"6","6"
"165","2017-01-25 13:20:00","112","114","2","2","6","6"
"165","2017-01-26 13:20:00","136","137","2","2","6","6"
"165","2017-01-27 13:20:00","139","144","3","3","7","7"
"165","2017-01-28 13:20:00","151","156","6","10","7","7"
"165","2017-01-29 13:20:00","156","156","12","12","7","6"
"165","2017-01-30 13:20:00","153","158","2","3","8","8"
"165","2017-01-31 13:20:00","167","168","8","8","7","7"
"169","2017-01-16 10:20:00","159","163","3","3","6","6"
"171","2017-01-01 22:15:00","150","154","7","7","6","6"
"171","2017-01-02 22:15:00","154","166","11","12","6","6"
"171","2017-01-03 22:15:00","131","132","2","3","6","6"
"171","2017-01-04 22:15:00","87","101","5","3","6","6"
"171","2017-01-05 22:15:00","140","148","5","4","6","6"
"171","2017-01-06 22:15:00","132","134","2","3","6","6"
"171","2017-01-07 22:15:00","153","155","3","3","6","6"
"171","2017-01-08 22:15:00","154","154","7","9","6","7"
"171","2017-01-09 22:15:00","143","148","7","8","6","6"
"171","2017-01-10 22:15:00","99","104","6","3","6","6"
"171","2017-01-11 22:15:00","90","94","9","5","6","6"
"171","2017-01-12 22:15:00","84","90","2","2","6","6"
"171","2017-01-13 22:15:00","82","86","6","4","6","6"
"171","2017-01-14 22:15:00","82","83","3","4","6","6"
"171","2017-01-15 22:15:00","91","97","5","4","6","6"
"171","2017-01-16 22:15:00","91","95","7","7","6","6"
"171","2017-01-17 22:15:00","75","77","7","5","6","6"
"171","2017-01-18 22:15:00","90","93","2","2","6","6"
"171","2017-01-19 22:15:00","92","94","6","6","6","6"
"171","2017-01-20 22:15:00","107","112","6","6","6","6"
"171","2017-01-21 22:15:00","121","127","3","3","6","6"
"171","2017-01-22 22:15:00","113","120","8","6","6","6"
"171","2017-01-23 22:15:00","119","124","5","5","6","6"
"171","2017-01-24 22:15:00","97","101","8","7","6","6"
"171","2017-01-25 22:15:00","154","154","9","12","7","7"
"171","2017-01-26 22:15:00","105","115","6","2","6","6"
"171","2017-01-27 22:15:00","126","135","5","1","6","6"
"171","2017-01-28 22:15:00","122","128","3","2","6","6"
"171","2017-01-29 22:15:00","106","110","5","3","6","6"
"171","2017-01-30 22:15:00","106","107","8","8","6","6"
"171","2017-01-31 22:15:00","111","115","8","8","6","6"
"173","2017-01-01 21:30:00","107","106","0",,"6","6"
"173","2017-01-02 21:30:00","105","112","0",,"6","6"
"173","2017-01-03 21:30:00","136","137","5","1","6","6"
"173","2017-01-04 21:30:00","126","137","2","2","6","6"
"173","2017-01-05 21:30:00","156","157","1","2","7","7"
"173","2017-01-06 21:30:00","107","116","6","6","6","7"
"173","2017-01-07 21:30:00","124","124","4","4","6","6"
"173","2017-01-08 21:30:00","143","147","3","3","6","6"
"173","2017-01-09 21:30:00","126","126","2","3","6","6"
"173","2017-01-10 21:30:00","82","88","3","6","6","6"
"173","2017-01-11 21:30:00","68","72","3","3","6","6"
"173","2017-01-12 21:30:00","93","98","7","8","7","7"
"173","2017-01-13 21:30:00","112","116","8","8","6","6"
"173","2017-01-14 21:30:00","101","110","8","7","6","6"
"173","2017-01-15 21:30:00","76","84","5","1","6","6"
"173","2017-01-16 21:30:00","104","108","3","2","6","6"
"173","2017-01-17 21:30:00","127","130","8","8","6","6"
"173","2017-01-18 21:30:00","79","84","7","6","6","6"
"173","2017-01-19 21:30:00","113","115","10","12","7","7"
"173","2017-01-20 21:30:00","145","150","12","11","6","6"
"173","2017-01-21 21:30:00","83","83","5","4","6","6"
"173","2017-01-22 21:30:00","74","86","10","8","6","6"
"173","2017-01-23 21:30:00","106","108","2","3","6","6"
"173","2017-01-25 21:30:00","126","132","8","6","6","6"
"173","2017-01-27 21:30:00","152","156","12","12","6","7"
"173","2017-01-28 21:30:00","70","75","7","4","6","6"
"173","2017-01-29 21:30:00","77","80","8","8","6","6"
"173","2017-01-30 21:30:00","81","83","4","5","6","6"
"173","2017-01-31 21:30:00","105","111","12","8","6","6"
"177","2017-01-13 23:25:00","114","117","8","8","6","6"
"177","2017-01-24 23:25:00","116","122","8","7","6","7"
"177","2017-01-27 23:25:00","168","168","8","8","6","7"
"179","2017-01-01 11:15:00","117","122","0",,"6","6"
"179","2017-01-02 11:15:00","134","147","5","2","6","6"
"179","2017-01-03 11:15:00","124","138","5","4","6","6"
"179","2017-01-05 11:15:00","167","168","2","2","6","6"
"179","2017-01-06 11:15:00","153","154","12","12","6","6"
"179","2017-01-07 11:15:00","149","154","8","8","6","6"
"179","2017-01-08 11:15:00","168","168","8","7","6","6"
"179","2017-01-09 11:15:00","138","138","2","3","6","6"
"179","2017-01-10 11:15:00","135","142","10","13","6","6"
"179","2017-01-11 11:15:00","108","116","6","7","6","6"
"179","2017-01-12 11:15:00","110","114","4","2","6","6"
"179","2017-01-13 11:15:00","47","51","4","5","6","6"
"179","2017-01-14 11:15:00","116","124","7","4","6","6"
"179","2017-01-15 11:15:00","127","140","4","4","6","6"
"179","2017-01-16 11:15:00","137","139","2","2","6","6"
"179","2017-01-17 11:15:00","87","90","8","6","6","6"
"179","2017-01-18 11:15:00","77","80","4","5","6","6"
"179","2017-01-19 11:15:00","121","130","5","2","6","6"
"179","2017-01-20 11:15:00","89","94","5","5","6","6"
"179","2017-01-21 11:15:00","152","155","5","5","6","6"
"179","2017-01-22 11:15:00","102","112","6","5","6","6"
"179","2017-01-23 11:15:00","151","154","10","9","6","6"
"179","2017-01-24 11:15:00","87","95","8","5","7","7"
"179","2017-01-25 11:15:00","115","122","12","7","6","6"
"179","2017-01-26 11:15:00","148","157","7","8","6","6"
"179","2017-01-27 11:15:00","86","87","5","6","7","7"
"179","2017-01-28 11:15:00","128","132","3","2","6","6"
"179","2017-01-29 11:15:00","76","83","12","6","6","6"
"179","2017-01-30 11:15:00","108","118","10","6","7","7"
"179","2017-01-31 11:15:00","98","104","6","4","6","6"
"181","2017-01-01 17:15:00","96","100","7","1","6","6"
"181","2017-01-02 17:15:00","111","118","5","6","6","6"
"181","2017-01-03 17:15:00","97","99","1","1","6","6"
"181","2017-01-04 17:15:00","126","130","3","3","6","6"
"181","2017-01-06 17:15:00","126","132","3","1","7","7"
"181","2017-01-08 17:15:00","127","128","3","3","6","6"
"181","2017-01-09 17:15:00","131","137","3","2","6","6"
"181","2017-01-10 17:15:00","97","107","5","7","6","6"
"181","2017-01-15 17:15:00","74","77","3","3","6","6"
"181","2017-01-16 17:15:00","54","56","3","3","6","6"
"181","2017-01-17 17:15:00","92","100","7","4","6","6"
"181","2017-01-22 17:15:00","61","70","1","1","6","6"
"181","2017-01-23 17:15:00","66","68","7","6","6","6"
"181","2017-01-24 17:15:00","93","112","3","3","6","6"
"181","2017-01-29 17:15:00","59","63","3","2","6","6"
"181","2017-01-30 17:15:00","61","67","5","4","6","6"
"181","2017-01-31 17:15:00","107","107","3","3","6","6"
"187","2017-01-08 12:00:00","108","108","1","1","6","6"
"201","2017-01-07 00:25:00","153","154","1","10","6","6"
"215","2017-01-03 00:35:00","50","56","3","1","6","6"
"215","2017-01-05 00:35:00","40","43","10","10","6","6"
"215","2017-01-08 00:35:00","55","57","3","3","6","6"
"215","2017-01-12 00:35:00","48","51","6","6","6","6"
"215","2017-01-15 00:35:00","79","87","6","6","6","6"
"215","2017-01-19 00:35:00","9","12","2","3","6","6"
"215","2017-01-22 00:35:00","47","53","2","2","6","6"
"215","2017-01-26 00:35:00","62","65","5","5","6","6"
"215","2017-01-29 00:35:00","47","50","7","7","6","6"
"217","2017-01-01 22:50:00","154","166","10",,"6","6"
"217","2017-01-02 22:50:00","154","154","9","9","6","6"
"217","2017-01-04 22:50:00","167","169","2","8","6","7"
"217","2017-01-05 22:50:00","156","164","6",,"6","6"
"217","2017-01-06 22:50:00","156","156","8","10","6","6"
"217","2017-01-07 22:50:00","153","154","12","12","6","6"
"217","2017-01-08 22:50:00","159","164","5","4","6","7"
"217","2017-01-09 22:50:00","147","148","1","1","6","6"
"217","2017-01-10 22:50:00","154","159","1","1","6","6"
"217","2017-01-11 22:50:00","98","100","2","2","6","6"
"217","2017-01-12 22:50:00","144","153","3","2","6","6"
"217","2017-01-13 22:50:00","95","103","3","1","6","6"
"217","2017-01-15 22:50:00","138","140","1","2","6","6"
"217","2017-01-16 22:50:00","150","154","3","2","6","6"
"217","2017-01-17 22:50:00","139","144","4","2","6","6"
"217","2017-01-19 22:50:00","137","144","4","4","6","6"
"217","2017-01-20 22:50:00","153","154","4","4","6","6"
"217","2017-01-21 22:50:00","151","157","3","2","6","6"
"217","2017-01-23 22:50:00","153","156","0",,"6","6"
"217","2017-01-24 22:50:00","154","154","9","8","6","6"
"217","2017-01-25 22:50:00","145","150","6","5","6","6"
"217","2017-01-26 22:50:00","151","154","9","10","6","6"
"217","2017-01-27 22:50:00","146","154","2","2","6","6"
"217","2017-01-29 22:50:00","146","154","4","2","6","6"
"217","2017-01-30 22:50:00","98","99","12","8","6","6"
"217","2017-01-31 22:50:00","135","136","3","4","6","6"
"417","2017-01-08 02:45:00","121","125","0",,"6","6"
"419","2017-01-02 02:05:00","56","60","0",,"6","6"
"419","2017-01-03 02:05:00","125","143","0",,"6","6"
"419","2017-01-04 02:05:00","155","162","2",,"6","6"
"419","2017-01-05 02:05:00","148","157","0",,"6","6"
"419","2017-01-06 02:05:00","156","156","9","9","6","6"
"419","2017-01-07 02:05:00","152","154","7","12","6","6"
"419","2017-01-08 02:05:00","150","156","10","10","6","6"
"419","2017-01-09 02:05:00","148","156","12","12","6","6"
"419","2017-01-10 02:05:00","151","1","12",,"6",
"419","2017-01-11 02:05:00","156","156","10","13","6","6"
"419","2017-01-12 02:05:00","166","168","6","6","6","6"
"419","2017-01-13 02:05:00","153","156","9","9","6","6"
"419","2017-01-14 02:05:00","154","156","11","12","6","6"
"419","2017-01-15 02:05:00","150","156","12","12","6","6"
"419","2017-01-16 02:05:00","154","161","8","12","6","6"
"419","2017-01-17 02:05:00","154","154","11","12","6","6"
"419","2017-01-18 02:05:00","168","168","6","8","6","6"
"419","2017-01-19 02:05:00","168","168","8","8","6","6"
"419","2017-01-20 02:05:00","154","156","1","1","6","6"
"419","2017-01-21 02:05:00","151","156","12","12","6","6"
"419","2017-01-22 02:05:00","150","154","1","1","7","7"
"419","2017-01-23 02:05:00","138","141","8","8","6","6"
"419","2017-01-24 02:05:00","153","154","10","12","6","6"
"419","2017-01-25 02:05:00","153","156","0",,"6","6"
"419","2017-01-26 02:05:00","156","156","7","11","7","7"
"419","2017-01-27 02:05:00","148","154","6","6","6","6"
"419","2017-01-28 02:05:00","139","145","4","4","6","6"
"419","2017-01-29 02:05:00","121","128","5","5","6","6"
"419","2017-01-30 02:05:00","146","150","5","5","6","6"
"419","2017-01-31 02:05:00","156","156","10","12","6","6"
"423","2017-01-02 11:10:00","65","67","0",,"6","6"
"423","2017-01-03 11:10:00","137","145","4","3","6","6"
"423","2017-01-04 11:10:00","154","164","7",,"6","6"
"423","2017-01-05 11:10:00","145","151","2","1","6","6"
"423","2017-01-06 11:10:00","156","156","8","10","6","6"
"423","2017-01-07 11:10:00","154","156","11","11","6","7"
"423","2017-01-08 11:10:00","147","151","10","10","6","6"
"423","2017-01-09 11:10:00","153","154","9","9","7","7"
"423","2017-01-10 11:10:00","156","156","7","13","6","6"
"423","2017-01-11 11:10:00","154","154","9","13","6","7"
"423","2017-01-12 11:10:00","155","156","6","6","6","6"
"423","2017-01-13 11:10:00","145","153","8","1","7","7"
"423","2017-01-15 11:10:00","152","156","12","12","6","6"
"423","2017-01-16 11:10:00","154","154","9","12","6","6"
"423","2017-01-17 11:10:00","154","154","11","12","6","6"
"423","2017-01-18 11:10:00","168","168","4","6","6","6"
"423","2017-01-19 11:10:00","157","160","3","7","6","7"
"423","2017-01-20 11:10:00","149","151","3","3","6","6"
"423","2017-01-22 11:10:00","151","156","9","8","7","7"
"423","2017-01-23 11:10:00","150","159","4","3","6","6"
"423","2017-01-24 11:10:00","165","168","4","4","6","6"
"423","2017-01-25 11:10:00","146","158","4","3","6","6"
"423","2017-01-26 11:10:00","150","154","4","5","6","6"
"423","2017-01-27 11:10:00","114","119","2","1","7","7"
"423","2017-01-29 11:10:00","143","143","12","12","6","6"
"423","2017-01-30 11:10:00","153","156","6","5","6","6"
"423","2017-01-31 11:10:00","168","168","7","8","6","7"
"601","2017-01-03 11:30:00","143","156","11","12","7","7"
"601","2017-01-05 11:30:00","94","106","10","3","7","7"
"601","2017-01-07 11:30:00","76","84","2","2","7","7"
"601","2017-01-08 11:30:00","93","98","3","3","7","7"
"601","2017-01-10 11:30:00","58","60","0","1","7","7"
"601","2017-01-12 11:30:00","36","41","1","1","7","7"
"601","2017-01-14 11:30:00","56","60","1","1","7","7"
"601","2017-01-19 11:30:00","101","106","7","7","7","7"
"601","2017-01-21 11:30:00","34","36","5","5","7","7"
"601","2017-01-26 11:30:00","46","53","6","7","8","8"
"601","2017-01-28 11:30:00","63","70","2","2","7","7"
"603","2017-01-01 11:35:00","155","156","7","11","7","7"
"603","2017-01-02 11:35:00","167","168","6","8","7","7"
"603","2017-01-03 11:35:00","163","167","8","8","7","7"
"603","2017-01-04 11:35:00","144","151","10","9","7","7"
"603","2017-01-05 11:35:00","159","168","3",,"7","7"
"603","2017-01-06 11:35:00","109","120","8","1","7","7"
"603","2017-01-07 11:35:00","123","126","0",,"7","7"
"603","2017-01-08 11:35:00","140","143","8","8","7","7"
"603","2017-01-09 11:35:00","120","121","1","2","7","7"
"603","2017-01-10 11:35:00","71","76","2","3","7","7"
"603","2017-01-11 11:35:00","69","74","1","2","7","7"
"603","2017-01-12 11:35:00","68","72","4","3","7","7"
"603","2017-01-13 11:35:00","23","24","1","2","7","7"
"603","2017-01-14 11:35:00","38","38","0",,"7","7"
"603","2017-01-15 11:35:00","90","97","4","1","7","7"
"603","2017-01-16 11:35:00","129","153","4","2","8","8"
"603","2017-01-20 11:35:00","48","52","2","2","8","8"
"603","2017-01-21 11:35:00","55","59","0",,"7","7"
"603","2017-01-22 11:35:00","148","154","1","2","7","7"
"603","2017-01-23 11:35:00","39","41","3","3","7","7"
"603","2017-01-27 11:35:00","74","76","3","3","7","7"
"603","2017-01-28 11:35:00","57","66","7","4","7","7"
"603","2017-01-29 11:35:00","124","127","3","4","7","7"
"603","2017-01-30 11:35:00","60","61","0",,"7","7"
"693","2017-01-08 19:10:00","148","155","5",,"7","7"
"697","2017-01-01 11:05:00","151","154","12","11","7","7"
"697","2017-01-04 11:05:00","160","162","8","8","7","7"
"697","2017-01-07 11:05:00","149","156","11","2","7","7"
"697","2017-01-08 11:05:00","148","154","11","12","7","7"
"697","2017-01-11 11:05:00","85","88","5","4","7","7"
"697","2017-01-14 11:05:00","146","148","9","12","7","7"
"697","2017-01-15 11:05:00","102","104","2","2","7","7"
"697","2017-01-18 11:05:00","116","117","2","3","8","8"
"697","2017-01-21 11:05:00","154","154","10","10","7","7"
"697","2017-01-22 11:05:00","147","152","1","1","7","7"
"697","2017-01-25 11:05:00","151","156","8","10","7","7"
"697","2017-01-28 11:05:00","146","154","12","12","7","7"
"697","2017-01-29 11:05:00","166","167","8","8","7","7"
"809","2017-01-14 21:45:00","123","128","2","1","6","6"
"811","2017-01-28 22:20:00","110","118","4","4","6","6"
"881","2017-01-01 10:40:00","153","154","9","11","7","7"
"881","2017-01-02 10:40:00","156","156","4","9","7","7"
"881","2017-01-03 10:40:00","147","154","11","12","7","8"
"881","2017-01-04 10:40:00","152","154","8","12","7","7"
"881","2017-01-05 10:40:00","153","154","8","12","7","7"
"881","2017-01-06 10:40:00","152","154","3","7","7","7"
"881","2017-01-07 10:40:00","152","164","3",,"7","6"
"881","2017-01-08 10:40:00","152","156","7","6","7","7"
"881","2017-01-09 10:40:00","106","106","3","4","7","7"
"881","2017-01-10 10:40:00","85","92","4","3","7","7"
"881","2017-01-11 10:40:00","53","56","4","5","7","7"
"881","2017-01-12 10:40:00","67","70","5","4","7","7"
"881","2017-01-13 10:40:00","66","73","1","2","7","7"
"881","2017-01-14 10:40:00","89","97","3","4","7","7"
"881","2017-01-15 10:40:00","84","92","6","5","7","7"
"881","2017-01-16 10:40:00","112","118","5","4","7","7"
"881","2017-01-17 10:40:00","127","129","6","5","7","7"
"881","2017-01-18 10:40:00","83","92","3","4","7","7"
"881","2017-01-19 10:40:00","95","101","3","1","7","7"
"881","2017-01-20 10:40:00","83","86","5","4","8","8"
"881","2017-01-21 10:40:00","135","145","9","7","7","7"
"881","2017-01-22 10:40:00","140","154","3","7","7","7"
"881","2017-01-23 10:40:00","84","93","7","4","7","6"
"881","2017-01-24 10:40:00","129","134","7","4","7","7"
"881","2017-01-25 10:40:00","146","156","6","4","7","7"
"881","2017-01-26 10:40:00","144","156","7","5","7","7"
"881","2017-01-27 10:40:00","151","154","4","2","6","6"
"881","2017-01-28 10:40:00","144","154","11","11","7","7"
"881","2017-01-29 10:40:00","161","168","8","7","7","7"
"881","2017-01-30 10:40:00","132","143","6","6","7","7"
"881","2017-01-31 10:40:00","135","138","8","6","7","7"
"883","2017-01-14 08:00:00","54","59","0",,"7","7"
"907","2017-01-02 01:45:00","153","166","11",,"6","6"
"907","2017-01-03 01:45:00","152","156","8","12","6","6"
"907","2017-01-04 01:45:00","167","168","7","8","6","6"
"907","2017-01-05 01:45:00","150","154","2","10","6","7"
"907","2017-01-06 01:45:00","147","154","0",,"6","6"
"907","2017-01-07 01:45:00","113","119","0",,"6","6"
"907","2017-01-08 01:45:00","102","110","0",,"6","6"
"907","2017-01-09 01:45:00","103","105","0",,"6","6"
"907","2017-01-10 01:45:00","129","142","0",,"6","6"
"907","2017-01-11 01:45:00","131","135","0","1","6","6"
"907","2017-01-12 01:45:00","137","143","0",,"6","6"
"907","2017-01-13 01:45:00","144","155","2","2","6","6"
"907","2017-01-14 01:45:00","148","150","1","1","6","6"
"907","2017-01-15 01:45:00","115","120","1","1","6","6"
"907","2017-01-16 01:45:00","135","145","0",,"6","6"
"907","2017-01-17 01:45:00","120","130","2","2","6","6"
"907","2017-01-18 01:45:00","106","106","1","1","6","6"
"907","2017-01-19 01:45:00","135","136","0",,"6","6"
"907","2017-01-20 01:45:00","117","120","0","2","6","6"
"907","2017-01-21 01:45:00","150","154","6","6","6","6"
"907","2017-01-22 01:45:00","95","103","3","3","6","6"
"907","2017-01-23 01:45:00","124","126","0",,"7","7"
"907","2017-01-25 01:45:00","114","119","4","4","6","6"
"907","2017-01-26 01:45:00","151","154","0",,"6","6"
"907","2017-01-27 01:45:00","151","155","0",,"6","6"
"907","2017-01-28 01:45:00","133","136","1","2","6","6"
"907","2017-01-29 01:45:00","104","109","1","1","6","6"
"925","2017-01-01 12:05:00","154","156","12","12","7","7"
"925","2017-01-02 12:05:00","168","168","8","8","7","7"
"925","2017-01-03 12:05:00","153","156","10","12","7","7"
"925","2017-01-05 12:05:00","149","163","10","10","7","7"
"925","2017-01-08 12:05:00","52","61","3","3","7","7"
"925","2017-01-09 12:05:00","42","43","1","1","7","7"
"925","2017-01-10 12:05:00","47","48","0","1","7","7"
"925","2017-01-12 12:05:00","48","51","2","1","7","7"
"925","2017-01-14 12:05:00","46","47","2","2","7","7"
"925","2017-01-15 12:05:00","64","67","2","2","7","7"
"925","2017-01-19 12:05:00","67","71","3","3","7","7"
"925","2017-01-21 12:05:00","70","72","3","4","7","7"
"925","2017-01-22 12:05:00","65","68","0",,"7","7"
"925","2017-01-26 12:05:00","137","142","5","4","7","7"
"925","2017-01-28 12:05:00","65","69","2","2","7","7"
"925","2017-01-29 12:05:00","74","79","1","1","7","7"
"967","2017-01-01 23:25:00","165","168","6","8","7","7"
"967","2017-01-02 23:25:00","168","168","5","8","7","7"
"967","2017-01-03 23:25:00","168","176","4",,"7","7"
"967","2017-01-04 23:25:00","166","168","7","8","7","7"
"967","2017-01-05 23:25:00","160","168","2","8","7","7"
"967","2017-01-06 23:25:00","164","176","8",,"7","7"
"967","2017-01-07 23:25:00","164","176","8",,"7","8"
"967","2017-01-08 23:25:00","167","176","8",,"7","7"
"967","2017-01-09 23:25:00","168","176","5",,"7","7"
"967","2017-01-10 23:25:00","165","176","6","1","7","7"
"967","2017-01-11 23:25:00","162","173","0",,"7","7"
"967","2017-01-12 23:25:00","154","168","12",,"7","7"
"967","2017-01-13 23:25:00","159","176","8",,"7","7"
"967","2017-01-14 23:25:00","166","176","7",,"7","7"
"967","2017-01-15 23:25:00","165","176","0",,"7","7"
"967","2017-01-16 23:25:00","155","157","6","12","8","7"
"967","2017-01-17 23:25:00","138","143","0",,"7","7"
"967","2017-01-18 23:25:00","156","158","2",,"7","7"
"967","2017-01-19 23:25:00","124","127","0",,"7","7"
"967","2017-01-20 23:25:00","167","176","2",,"7","7"
"967","2017-01-21 23:25:00","123","126","0",,"7","7"
"967","2017-01-22 23:25:00","151","157","0",,"7","7"
"967","2017-01-23 23:25:00","122","132","0",,"7","7"
"967","2017-01-24 23:25:00","99","102","0",,"7","7"
"967","2017-01-25 23:25:00","166","168","0",,"7","7"
"967","2017-01-26 23:25:00","81","84","0",,"7","7"
"967","2017-01-27 23:25:00","123","125","0",,"7","7"
"967","2017-01-28 23:25:00","112","113","0",,"7","7"
"967","2017-01-29 23:25:00","129","131","0",,"7","7"
"967","2017-01-30 23:25:00","165","167","0",,"7","7"
"967","2017-01-31 23:25:00","127","128","0",,"7","7"
"987","2017-01-03 21:20:00","155","168","12",,"7","7"
"987","2017-01-07 21:20:00","153","168","8",,"8","7"
"987","2017-01-10 21:20:00","152","162","0","1","7","7"
"987","2017-01-14 21:20:00","152","166","6",,"7","7"
"987","2017-01-17 21:20:00","120","122","0",,"7","7"
"987","2017-01-21 21:20:00","103","110","0",,"7","7"
"987","2017-01-24 21:20:00","61","64","0",,"7","7"
"987","2017-01-28 21:20:00","101","108","0",,"7","7"
"987","2017-01-31 21:20:00","40","43","0",,"7","7"
"991","2017-01-01 13:00:00","168","168","5","8","7","7"
"991","2017-01-02 13:00:00","154","168","5","8","7","7"
"991","2017-01-04 13:00:00","167","172","3",,"7","7"
"991","2017-01-05 13:00:00","167","168","7","8","7","7"
"991","2017-01-06 13:00:00","168","176","5","8","7","7"
"991","2017-01-07 13:00:00","166","168","7","8","7","7"
"991","2017-01-08 13:00:00","168","168","8","8","7","7"
"991","2017-01-09 13:00:00","168","168","6","8","7","7"
"991","2017-01-11 13:00:00","160","166","1","2","7","7"
"991","2017-01-12 13:00:00","103","108","5","5","7","7"
"991","2017-01-13 13:00:00","76","77","0",,"7","7"
"991","2017-01-14 13:00:00","106","111","2","2","7","7"
"991","2017-01-15 13:00:00","138","147","4","3","7","7"
"991","2017-01-16 13:00:00","73","73","0",,"7","7"
"991","2017-01-18 13:00:00","53","63","3","2","7","7"
"991","2017-01-19 13:00:00","73","77","1","1","7","7"
"991","2017-01-20 13:00:00","108","110","1",,"7","7"
"991","2017-01-21 13:00:00","104","110","4","4","7","7"
"991","2017-01-22 13:00:00","154","156","11","12","7","7"
"991","2017-01-23 13:00:00","85","94","3","3","7","7"
"991","2017-01-25 13:00:00","81","90","7","3","7","7"
"991","2017-01-26 13:00:00","106","114","6","5","7","7"
"991","2017-01-27 13:00:00","136","144","5","3","7","7"
"991","2017-01-28 13:00:00","129","140","6","2","7","7"
"991","2017-01-29 13:00:00","124","127","4","5","7","7"
"991","2017-01-30 13:00:00","65","70","2","2","7","7"
"1023","2017-01-01 13:55:00","153","156","12","12","7","7"
"1023","2017-01-02 13:55:00","153","156","12","12","7","7"
"1023","2017-01-03 13:55:00","154","156","12","12","7","7"
"1023","2017-01-04 13:55:00","151","154","12","12","7","7"
"1023","2017-01-05 13:55:00","126","126","3","3","7","7"
"1023","2017-01-06 13:55:00","94","107","4",,"7","7"
"1023","2017-01-07 13:55:00","70","75","5","5","7","7"
"1023","2017-01-08 13:55:00","102","106","3","2","7","7"
"1023","2017-01-09 13:55:00","60","63","1","1","7","7"
"1023","2017-01-10 13:55:00","154","162","7","8","7","7"
"1023","2017-01-11 13:55:00","75","83","0","1","8","8"
"1023","2017-01-12 13:55:00","115","118","2","2","7","7"
"1023","2017-01-13 13:55:00","117","121","3","4","6","6"
"1023","2017-01-14 13:55:00","75","80","1","1","6","6"
"1023","2017-01-15 13:55:00","142","142","4","4","7","7"
"1023","2017-01-16 13:55:00","85","92","3","2","6","6"
"1023","2017-01-17 13:55:00","58","62","0",,"6","6"
"1023","2017-01-18 13:55:00","57","59","2","1","6","6"
"1023","2017-01-19 13:55:00","76","82","5","4","7","7"
"1023","2017-01-20 13:55:00","128","133","9","4","6","6"
"1023","2017-01-22 13:55:00","146","162","4",,"7","7"
"1023","2017-01-23 13:55:00","76","80","0",,"6","6"
"1023","2017-01-24 13:55:00","83","87","0",,"6","6"
"1023","2017-01-27 13:55:00","154","156","9","12","7","7"
"1023","2017-01-28 13:55:00","152","154","12","12","7","7"
"1023","2017-01-29 13:55:00","148","154","5","6","7","7"
"1023","2017-01-31 13:55:00","107","112","1","1","6","6"
"1025","2017-01-01 07:30:00","151","156","12","12","6","7"
"1025","2017-01-02 07:30:00","153","156","12","12","7","7"
"1025","2017-01-03 07:30:00","150","156","12","12","7","7"
"1025","2017-01-04 07:30:00","151","154","10","13","7","6"
"1025","2017-01-05 07:30:00","108","120","8","8","6","6"
"1025","2017-01-06 07:30:00","80","102","11","12","7","7"
"1025","2017-01-07 07:30:00","35","38","1","1","7","7"
"1025","2017-01-08 07:30:00","38","42","0",,"7","7"
"1025","2017-01-10 07:30:00","77","82","5","6","7","7"
"1025","2017-01-11 07:30:00","69","69","0","1","6","6"
"1025","2017-01-12 07:30:00","56","61","2","2","6","6"
"1025","2017-01-13 07:30:00","72","80","3","3","6","6"
"1025","2017-01-14 07:30:00","122","129","0",,"6","6"
"1025","2017-01-15 07:30:00","33","36","0",,"7","7"
"1025","2017-01-16 07:30:00","116","117","1","1","6","6"
"1025","2017-01-17 07:30:00","75","77","2","2","6","6"
"1025","2017-01-18 07:30:00","57","71","4","4","6","6"
"1025","2017-01-19 07:30:00","77","81","1","1","6","6"
"1025","2017-01-20 07:30:00","146",,"7","2","6",
"1025","2017-01-21 07:30:00","151","156","6","6","6","7"
"1025","2017-01-22 07:30:00","93","100","0",,"6","6"
"1025","2017-01-23 07:30:00","97","102","1","1","8","8"
"1025","2017-01-24 07:30:00","84","90","0",,"6","6"
"1025","2017-01-25 07:30:00","135","147","2","2","6","6"
"1025","2017-01-26 07:30:00","153","154","12","12","7","7"
"1025","2017-01-27 07:30:00","151","154","10","12","7","7"
"1025","2017-01-28 07:30:00","156","156","8","12","6","6"
"1025","2017-01-29 07:30:00","152","165","10","11","6","6"
"1025","2017-01-31 07:30:00","141","144","0",,"6","6"
"1027","2017-01-02 17:00:00","151","153","11","11","7","7"
"1027","2017-01-03 17:00:00","151","156","11","12","7","7"
"1027","2017-01-04 17:00:00","156","156","10","12","7","7"
"1027","2017-01-05 17:00:00","92","97","2","2","6","6"
"1027","2017-01-06 17:00:00","65","74","3","2","6","6"
"1027","2017-01-07 17:00:00","62","62","0",,"6","7"
"1027","2017-01-08 17:00:00","56","60","3","5","6","6"
"1027","2017-01-09 17:00:00","51","54","2","2","6","6"
"1027","2017-01-10 17:00:00","64","69","7","7","6","6"
"1027","2017-01-11 17:00:00","73","76","6","7","6","6"
"1027","2017-01-12 17:00:00","64","65","2","1","7","7"
"1027","2017-01-13 17:00:00","76","80","4","6","6","6"
"1027","2017-01-14 17:00:00","84","88","4","3","7","7"
"1027","2017-01-15 17:00:00","64","76","4","1","7","7"
"1027","2017-01-16 17:00:00","71","73","1","1","6","6"
"1027","2017-01-17 17:00:00","40","40","2","3","6","6"
"1027","2017-01-19 17:00:00","108","122","11","2","6","6"
"1027","2017-01-20 17:00:00","146","156","12","12","7","7"
"1027","2017-01-21 17:00:00","114","118","5","5","6","6"
"1027","2017-01-22 17:00:00","145","152","3","4","7","7"
"1027","2017-01-23 17:00:00","108","119","2","2","6","6"
"1027","2017-01-24 17:00:00","100","103","4","4","7","7"
"1027","2017-01-25 17:00:00","138","148","6","6","6","6"
"1027","2017-01-26 17:00:00","151","156","11","12","7","7"
"1027","2017-01-27 17:00:00","154","156","11","12","7","7"
"1027","2017-01-28 17:00:00","152","154","5","12","7","7"
"1027","2017-01-29 17:00:00","132","142","0",,"7","7"
"1027","2017-01-30 17:00:00","74","76","1","1","7","7"
"1027","2017-01-31 17:00:00","133","140","2","2","7","7"
"1029","2017-01-28 19:40:00","154","165","10","10","6","6"
"1029","2017-01-29 19:40:00","114","116","2","2","6","6"
"1029","2017-01-30 19:40:00","97","105","4","4","6","6"
"1029","2017-01-31 19:40:00","94","98","4","3","6","6"
"1031","2017-01-03 10:55:00","146","154","12","12","7","7"
"1031","2017-01-04 10:55:00","156","156","9","12","7","7"
"1031","2017-01-05 10:55:00","91","104","3","3","7","7"
"1031","2017-01-06 10:55:00","99","91","3","1","7","7"
"1031","2017-01-30 10:55:00","89","95","7","5","6","6"
"1031","2017-01-31 10:55:00","79","80","0",,"6","6"
"1123","2017-01-01 14:55:00","156","156","9","11","7","7"
"1123","2017-01-02 14:55:00","156","167","2",,"6","6"
"1123","2017-01-03 14:55:00","164","168","4","8","7","7"
"1123","2017-01-05 14:55:00","167","168","5","8","7","7"
"1123","2017-01-06 14:55:00","152","166","12",,"7","7"
"1123","2017-01-10 14:55:00","167","168","4","9","7","6"
"1123","2017-01-11 14:55:00","142","142","1","2","7","7"
"1123","2017-01-13 14:55:00","89","90","2","3","6","6"
"1123","2017-01-17 14:55:00","139","142","2","1","6","6"
"1123","2017-01-19 14:55:00","80","83","2","3","6","6"
"1123","2017-01-23 14:55:00","100","103","3","3","7","7"
"1123","2017-01-24 14:55:00","79","81","1","1","6","6"
"1123","2017-01-25 14:55:00","90","93","1","2","6","6"
"1123","2017-01-26 14:55:00","77","80","5","4","7","7"
"1123","2017-01-27 14:55:00","90","95","1","1","7","7"
"1123","2017-01-30 14:55:00","92","93","0",,"7","7"
"1123","2017-01-31 14:55:00","105","109","2","2","6","6"
"1141","2017-01-14 23:40:00","143","149","9","9","7","7"
"1141","2017-01-30 23:40:00","138","148","5","5","7","7"
"1143","2017-01-01 16:45:00","168","176","8",,"7","7"
"1143","2017-01-02 16:45:00","153","166","8",,"7","7"
"1143","2017-01-03 16:45:00","156","156","12","9","7","7"
"1143","2017-01-04 16:45:00","154","166","10","10","7","7"
"1143","2017-01-05 16:45:00","150","168","10","10","7","7"
"1143","2017-01-06 16:45:00","163","176","3",,"7","7"
"1143","2017-01-07 16:45:00","156","168","12",,"6","6"
"1143","2017-01-08 16:45:00","155","156","12","12","7","7"
"1143","2017-01-09 16:45:00","154","164","9",,"6","6"
"1143","2017-01-10 16:45:00","146","147","7","8","7","7"
"1143","2017-01-11 16:45:00","154","154","7","7","7","7"
"1143","2017-01-12 16:45:00","146","154","5","10","7","7"
"1143","2017-01-13 16:45:00","127","141","9","4","7","7"
"1143","2017-01-15 16:45:00","147","154","8","5","7","7"
"1143","2017-01-16 16:45:00","148","151","4","2","7","7"
"1143","2017-01-17 16:45:00","81","82","3","3","6","6"
"1143","2017-01-18 16:45:00","117","121","4","4","6","6"
"1143","2017-01-19 16:45:00","102","102","3","3","6","6"
"1143","2017-01-20 16:45:00","162","169","6","6","7","7"
"1143","2017-01-21 16:45:00","92","99","4","4","6","6"
"1143","2017-01-22 16:45:00","151","160","3",,"7","7"
"1143","2017-01-23 16:45:00","112","114","4","2","6","7"
"1143","2017-01-24 16:45:00","121","16","2",,"6",
"1143","2017-01-25 16:45:00","110","112","2","2","6","6"
"1143","2017-01-26 16:45:00","152","154","6","4","6","6"
"1143","2017-01-27 16:45:00","160","166","8","6","7","7"
"1143","2017-01-28 16:45:00","88","90","0","2","5","5"
"1143","2017-01-29 16:45:00","137","141","1","1","7","7"
"1143","2017-01-30 16:45:00","113","113","2",,"6","6"
"1143","2017-01-31 16:45:00","112","115","3","3","6","6"
"1145","2017-01-01 12:05:00","150","165","6","6","7","7"
"1145","2017-01-02 12:05:00","167","168","5","8","7","7"
"1145","2017-01-03 12:05:00","157","168","7","8","7","7"
"1145","2017-01-04 12:05:00","168","168","7","4","8","8"
"1145","2017-01-06 12:05:00","154","154","12","12","7","7"
"1145","2017-01-07 12:05:00","154","156","12","12","7","7"
"1145","2017-01-09 12:05:00","154","154","11","12","7","7"
"1145","2017-01-10 12:05:00","166","168","8","9","7","7"
"1145","2017-01-11 12:05:00","163","168","1","1","7","6"
"1145","2017-01-12 12:05:00","137","140","0",,"8","8"
"1145","2017-01-13 12:05:00","155","156","7","6","7","7"
"1145","2017-01-14 12:05:00","155","161","2","2","7","7"
"1145","2017-01-15 12:05:00","151","156","4","2","7","7"
"1145","2017-01-16 12:05:00","153","154","3","8","7","7"
"1145","2017-01-17 12:05:00","105","106","3","4","6","6"
"1145","2017-01-18 12:05:00","115","116","2","2","7","7"
"1145","2017-01-19 12:05:00","109","112","1","1","6","6"
"1145","2017-01-20 12:05:00","160","161","2","2","8","8"
"1145","2017-01-22 12:05:00","152","153","0",,"7","7"
"1145","2017-01-23 12:05:00","113","115","3","3","7","7"
"1145","2017-01-24 12:05:00","108","109","0",,"6","6"
"1145","2017-01-25 12:05:00","107","108","7","8","6","6"
"1145","2017-01-26 12:05:00","127","129","1","1","6","6"
"1145","2017-01-27 12:05:00","155","156","3","2","7","7"
"1145","2017-01-28 12:05:00","163","176","3","3","6","6"
"1145","2017-01-29 12:05:00","153","154","10","12","7","7"
"1145","2017-01-30 12:05:00","98","106","1","1","6","6"
"1145","2017-01-31 12:05:00","79","86","2","1","6","6"
"1147","2017-01-02 08:45:00","156","156","8","8","7","7"
"1147","2017-01-09 08:45:00","154","166","8",,"8","8"
"1147","2017-01-30 08:45:00","149","156","5","5","7","7"
"1149","2017-01-01 18:35:00","162","176","6",,"6","6"
"1149","2017-01-02 18:35:00","168","175","2",,"6","6"
"1149","2017-01-03 18:35:00","164","176","6",,"6","7"
"1149","2017-01-04 18:35:00","167","168","7","8","7","7"
"1149","2017-01-05 18:35:00","165","176","6",,"6","6"
"1149","2017-01-06 18:35:00","153","154","11","12","6","6"
"1149","2017-01-07 18:35:00","155","166","12","12","7","7"
"1213","2017-01-01 09:05:00","151","168","12","12","6","6"
"1213","2017-01-02 09:05:00","143","154","10","7","7","7"
"1213","2017-01-03 09:05:00","152","154","10","11","7","7"
"1213","2017-01-04 09:05:00","152","156","10","11","7","7"
"1213","2017-01-05 09:05:00","154","164","6",,"7","7"
"1213","2017-01-06 09:05:00","151","154","4","12","8","8"
"1213","2017-01-07 09:05:00","168","175","7",,"7","7"
"1213","2017-01-08 09:05:00","152","161","4",,"7","7"
"1213","2017-01-09 09:05:00","137","150","6","1","7","7"
"1213","2017-01-10 09:05:00","152","156","5","9","7","7"
"1213","2017-01-11 09:05:00","131","137","4","2","6","6"
"1213","2017-01-12 09:05:00","143","145","0",,"7","7"
"1213","2017-01-13 09:05:00","118","122","0",,"7","7"
"1213","2017-01-14 09:05:00","125","126","3","4","7","7"
"1213","2017-01-15 09:05:00","115","121","8","7","7","8"
"1213","2017-01-16 09:05:00","144","153","3",,"7","7"
"1213","2017-01-17 09:05:00","95","95","0",,"8","8"
"1213","2017-01-18 09:05:00","107","107","2","2","6","6"
"1213","2017-01-19 09:05:00","104","106","2","1","7","7"
"1213","2017-01-20 09:05:00","108","115","1",,"6","6"
"1213","2017-01-21 09:05:00","154","166","7",,"6","6"
"1213","2017-01-22 09:05:00","140","144","2","2","6","6"
"1213","2017-01-23 09:05:00","98","104","4","2","7","7"
"1213","2017-01-24 09:05:00","88","92","0",,"6","6"
"1213","2017-01-25 09:05:00","138","141","0",,"7","7"
"1213","2017-01-26 09:05:00","152","156","6","2","7","7"
"1213","2017-01-27 09:05:00","153","154","11","12","8","8"
"1213","2017-01-28 09:05:00","150","154","11","12","7","7"
"1213","2017-01-29 09:05:00","166","176","1","1","7","7"
"1213","2017-01-30 09:05:00","167","168","8","8","7","7"
"1213","2017-01-31 09:05:00","148","156","1","1","7","6"
"1215","2017-01-13 16:45:00","135","146","2","1","6","6"
"2251","2017-01-01 23:15:00","23","26","0",,"7","7"
"2251","2017-01-02 23:15:00","61","61","0",,"6","6"
"2251","2017-01-03 23:15:00","84","91","2","3","6","6"
"2251","2017-01-04 23:15:00","112","117","2","2","6","6"
"2251","2017-01-05 23:15:00","154","158","2","2","6","6"
"2251","2017-01-06 23:15:00","145","149","3","3","6","6"
"2251","2017-01-08 23:15:00","143","146","10","9","6","6"
"2251","2017-01-09 23:15:00","154","154","8","9","6","6"
"2251","2017-01-10 23:15:00","154","154","12","13","6","6"
"2251","2017-01-11 23:15:00","152","154","4","5","6","6"
"2251","2017-01-12 23:15:00","152","167","10","10","6","6"
"2251","2017-01-13 23:15:00","154","154","10","12","6","6"
"2251","2017-01-15 23:15:00","154","154","5","8","6","6"
"2251","2017-01-16 23:15:00","145","156","8","8","6","6"
"2251","2017-01-17 23:15:00","149","154","5","5","6","6"
"2251","2017-01-18 23:15:00","164","168","3","4","6","6"
"2251","2017-01-19 23:15:00","126","131","3","1","6","6"
"2251","2017-01-20 23:15:00","161","168","8","8","6","6"
"2251","2017-01-22 23:15:00","158","160","8","8","6","6"
"2251","2017-01-23 23:15:00","166","168","6","7","6","7"
"2251","2017-01-24 23:15:00","142","156","7","8","6","6"
"2251","2017-01-25 23:15:00","142","143","2","2","6","6"
"2251","2017-01-27 23:15:00","166","174","1","1","6","6"
"2251","2017-01-29 23:15:00","164","168","4","4","6","6"
"2251","2017-01-31 23:15:00","121","132","5","6","10","10"
"9187","2017-01-07 05:45:00","0",,"0",,"8","8"
"9189","2017-01-07 12:30:00","144","161","11","11","7","7"
"9189","2017-01-14 12:30:00","0","166","0",,"8","8"
"9189","2017-01-21 12:30:00","0","154","0","10","7","7"
"9189","2017-01-28 12:30:00","0","166","0","10","8","8"